{"train/loss": 0.2668, "train/learning_rate": 3.3569626061023177e-05, "train/epoch": 0.99, "train/global_step": 21500, "_timestamp": 1680632172.8398128, "_runtime": 6293.958048820496, "_step": 42}