{"train/loss": 0.6639, "train/learning_rate": 3.3567331956870845e-05, "train/epoch": 0.99, "train/global_step": 21500, "_timestamp": 1680624937.1009157, "_runtime": 6318.006797552109, "_step": 42}